<?xml version='1.0' encoding='utf-8' standalone='yes' ?>
<map>
    <long name="DownloadDisplayMessageMillis" value="1749384065463" />
    <boolean name="firstAppStartWithUser" value="false" />
    <boolean name="shouldDownloadToSDCard" value="false" />
    <long name="LastLicenseMarkSyncMillis" value="1754576688980" />
    <boolean name="firstAppStartWithoutUser" value="false" />
    <long name="SyncPlayerSdkDownloadMillis" value="1754576689732" />
    <long name="RetryDisabledDownloadSyncMillis" value="1749384065463" />
    <long name="SyncPlayerSdkErrorStateMillis" value="1749384065463" />
    <boolean name="shouldSubscribeToAllTopics" value="false" />
    <long name="LastLicenseSyncMillis" value="1749384065463" />
    <boolean name="bg_startup_tracing" value="false" />
    <long name="RefreshMetadataSyncTTLMillis" value="1755167089732" />
    <long name="QueueDownloadSyncMills" value="1749384065463" />
    <long name="com.amazon.communication.remotesetting.pref.LAST_SUCCESSFUL_SYNC" value="1749383965170" />
    <string name="PN_customer_vcr">IN</string>
    <long name="DeleteDownloadSyncMillis" value="1749384065463" />
    <string name="PN_subscription_prefs">[{&quot;topic&quot;:&quot;AIV_video_in_library&quot;,&quot;isSubscribed&quot;:false},{&quot;topic&quot;:&quot;AIV_video_recommendations&quot;,&quot;isSubscribed&quot;:false},{&quot;topic&quot;:&quot;AIV_new_feature&quot;,&quot;isSubscribed&quot;:false},{&quot;topic&quot;:&quot;AIV_offer&quot;,&quot;isSubscribed&quot;:false}]</string>
    <boolean name="auto_play_enabled" value="true" />
    <long name="LastLicenseRepairMillis" value="1749384065463" />
    <long name="DisabledDownloadSyncMillis" value="1749384065463" />
    <long name="com.amazon.communication.remotesetting.pref.LAST_SYNC_ATTEMPT" value="1749383965170" />
    <string name="PN_customer_id">amzn1.account.AEH6FJ3I3P3BOFQ424NRRKP64LMA</string>
    <long name="LastImagesDownloadSyncMillis" value="1754576689732" />
</map>
