<?xml version='1.0' encoding='utf-8' standalone='yes' ?>
<map>
    <long name="com.appcloner.x.classes.cloneTimestamp" value="1753123004036" />
    <long name="RefreshMetadataSyncTTLMillis" value="1755356911022" />
    <long name="com.amazon.communication.remotesetting.pref.LAST_SUCCESSFUL_SYNC" value="1754752098825" />
    <boolean name="firstAppStartWithUser" value="false" />
    <long name="LastLicenseMarkSyncMillis" value="1754766510261" />
    <int name="com.appcloner.x.classes.originalInstallVersionCode" value="334002357" />
    <long name="SyncPlayerSdkDownloadMillis" value="1754766511023" />
    <long name="com.amazon.communication.remotesetting.pref.LAST_SYNC_ATTEMPT" value="1754752098825" />
    <long name="LastImagesDownloadSyncMillis" value="1754766511022" />
</map>
