<?xml version='1.0' encoding='utf-8' standalone='yes' ?>
<map>
    <long name="DownloadDisplayMessageMillis" value="1768313658253" />
    <boolean name="firstAppStartWithUser" value="false" />
    <boolean name="shouldDownloadToSDCard" value="false" />
    <long name="LastLicenseMarkSyncMillis" value="1768328058253" />
    <boolean name="firstAppStartWithoutUser" value="false" />
    <long name="SyncPlayerSdkDownloadMillis" value="1768328058632" />
    <long name="RetryDisabledDownloadSyncMillis" value="1768313658253" />
    <long name="SyncPlayerSdkErrorStateMillis" value="1768313658253" />
    <boolean name="shouldSubscribeToAllTopics" value="false" />
    <long name="LastLicenseSyncMillis" value="1768313658252" />
    <long name="RefreshMetadataSyncTTLMillis" value="1768918458632" />
    <long name="QueueDownloadSyncMills" value="1768313658253" />
    <long name="com.amazon.communication.remotesetting.pref.LAST_SUCCESSFUL_SYNC" value="1768313658554" />
    <string name="PN_customer_vcr">TH</string>
    <long name="DeleteDownloadSyncMillis" value="1768313658253" />
    <string name="PN_subscription_prefs">[{&quot;topic&quot;:&quot;AIV_video_in_library&quot;,&quot;isSubscribed&quot;:false},{&quot;topic&quot;:&quot;AIV_video_recommendations&quot;,&quot;isSubscribed&quot;:false},{&quot;topic&quot;:&quot;AIV_new_feature&quot;,&quot;isSubscribed&quot;:false},{&quot;topic&quot;:&quot;AIV_offer&quot;,&quot;isSubscribed&quot;:false},{&quot;topic&quot;:&quot;AIV_following&quot;,&quot;isSubscribed&quot;:false}]</string>
    <long name="LastLicenseRepairMillis" value="1768313658253" />
    <long name="DisabledDownloadSyncMillis" value="1768313658253" />
    <long name="com.amazon.communication.remotesetting.pref.LAST_SYNC_ATTEMPT" value="1768313658554" />
    <string name="PN_customer_id">amzn1.account.AGRXZDTOYKQPMRM7L7FAFZ6H37BQ</string>
    <long name="LastImagesDownloadSyncMillis" value="1768328058632" />
</map>
