<?xml version='1.0' encoding='utf-8' standalone='yes' ?>
<map>
    <string name="last-used-date">2026-01-23</string>
    <long name="fire-count" value="1" />
    <long name="fire-global" value="1768312921778" />
    <set name="fire-core/20.3.1 android-installer/ fire-fcm/23.2.0 fire-android/35 device-name/lineage_sweet fire-installations/17.1.3 android-platform/ android-min-sdk/21 fire-transport/18.1.7 kotlin/1.9.24 device-model/sweetin device-brand/Xiaomi android-target-sdk/34">
        <string>2026-01-23</string>
    </set>
</map>
