<?xml version='1.0' encoding='utf-8' standalone='yes' ?>
<map>
    <string name="playbackSupportInfo_Cache">SUPPORTED_HARDWARE</string>
    <boolean name="isDolyDigitalPlusSupported_Cache" value="false" />
    <string name="deviceVideoCodecOverride_Cache">H264;H265</string>
    <boolean name="isHevcSupported_Cache" value="true" />
    <boolean name="isHdrSupported_Cache" value="false" />
    <boolean name="isPlaybackSupportCached" value="true" />
    <boolean name="isUhdSupported_Cache" value="false" />
    <string name="deviceBitrateAdaptationsOverride_Cache">CBR;CVBR</string>
    <string name="mostRecentlySeenVcrPivot">IN:HOME</string>
    <string name="playStoreInstallReferrer">utm_source=google-play&amp;utm_medium=organic</string>
    <boolean name="isReferrerValueSet" value="true" />
    <boolean name="isHdSupported_Cache" value="true" />
</map>
