<?xml version='1.0' encoding='utf-8' standalone='yes' ?>
<map>
    <boolean name="PN_registered_successfully_with_MPRS" value="true" />
    <string name="PN_registration_id">eeGW5S6yQ-mqiq7pB7wumr:APA91bF8oF5B89ffeKLAsxemaNh1Z-9FAYGN79SqdIl42Ol1zNuHreNe-RaakUgJpRABckrDzmJddoJy0RZStP8Qe65243KA6FSoZH-eHsFPpEt5yRFoAEo</string>
    <int name="PN_sequence_number_int" value="5" />
    <boolean name="isHdrSupported_Cache" value="false" />
    <boolean name="isUhdSupported_Cache" value="false" />
    <string name="mostRecentlySeenVcrPivot">IN:HOME</string>
    <boolean name="isReferrerValueSet" value="true" />
    <string name="PN_OS_version">15</string>
    <string name="PN_application_install_id">EU:amazonaiv:81c9f535-79ea-43b6-901b-7a4002759470</string>
    <string name="playbackSupportInfo_Cache">SUPPORTED_HARDWARE</string>
    <boolean name="isDolyDigitalPlusSupported_Cache" value="false" />
    <string name="deviceVideoCodecOverride_Cache">H264;H265</string>
    <boolean name="isHevcSupported_Cache" value="true" />
    <boolean name="isPlaybackSupportCached" value="true" />
    <string name="deviceBitrateAdaptationsOverride_Cache">CBR;CVBR</string>
    <string name="playStoreInstallReferrer">utm_source=google-play&amp;utm_medium=organic</string>
    <string name="PN_app_version">3.0.334.2357</string>
    <boolean name="isHdSupported_Cache" value="true" />
</map>
