{"Fid":"dfUvYom4ToykmXOEl06yDl","Status":3,"AuthToken":"eyJhbGciOiJFUzI1NiIsInR5cCI6IkpXVCJ9.eyJhcHBJZCI6IjE6MzU0ODAwNjQ1MzI5OmFuZHJvaWQ6NGM2NjY0NGY4NDc1MTUwYiIsImV4cCI6MTc1NTM1Njg5MCwiZmlkIjoiZGZVdllvbTRUb3lrbVhPRWwwNnlEbCIsInByb2plY3ROdW1iZXIiOjM1NDgwMDY0NTMyOX0.AB2LPV8wRgIhAIHKlnxV5IUeS0WVBhO8W_GkPoCZiDa2coLobRWCLzFcAiEAgmZ51PZHh9Buw2lKwhfWZ6-aABFZCKOcSfU7XThyc2w","RefreshToken":"3_AS3qfwJOvjpKK7cCtnVCC5akx84DUlROYdmBpMhLqE0i8BbsYbHqmpMiW64NGzzFYAzoVEDVZdx48pqnKDLkQsxzBn8YRLiNpqyVIIcPl8HVww","TokenCreationEpochInSecs":1754752090,"ExpiresInSecs":604800}