{"Fid":"epPesanLR1Wn8uvfZH-5U_","Status":3,"AuthToken":"eyJhbGciOiJFUzI1NiIsInR5cCI6IkpXVCJ9.eyJhcHBJZCI6IjE6MzU0ODAwNjQ1MzI5OmFuZHJvaWQ6NGM2NjY0NGY4NDc1MTUwYiIsImV4cCI6MTc2OTkzMjYzNiwiZmlkIjoiZXBQZXNhbkxSMVduOHV2ZlpILTVVXyIsInByb2plY3ROdW1iZXIiOjM1NDgwMDY0NTMyOX0.AB2LPV8wRQIhAJZTNpJQMadnaJl6dwTOs-v1pHpZAtagGYQlRJXvo7gwAiAQIYf9OaySADnQPfWnhE9A4IxpE9qlwUl9TDhBeE-YVA","RefreshToken":"3_AS3qfwKhasYhg3aGC7j5Jec7J9c5au0W_Lupz5KsFdIrmq2-Cfc95PFTFXLbM_Ks9ePT8Jnbd56vPOFLg0TG7iukhqe01I-O2HLAlEgtn_NdyCQ","TokenCreationEpochInSecs":1769327836,"ExpiresInSecs":604800}