{"Fid":"dT7QeME2QySvLv5XEfOnG_","Status":3,"AuthToken":"eyJhbGciOiJFUzI1NiIsInR5cCI6IkpXVCJ9.eyJhcHBJZCI6IjE6MzU0ODAwNjQ1MzI5OmFuZHJvaWQ6NGM2NjY0NGY4NDc1MTUwYiIsImV4cCI6MTc1NTE2NzA4MSwiZmlkIjoiZFQ3UWVNRTJReVN2THY1WEVmT25HXyIsInByb2plY3ROdW1iZXIiOjM1NDgwMDY0NTMyOX0.AB2LPV8wRQIgDQDgXorLjwGTZRyq5aWfMtLphqTngJVCE9c8c6j3b2MCIQDFyCBzqgbthMl3roh5UnD_k0hNN9o5Rc93RLKq24tASw","RefreshToken":"3_AS3qfwKdn9am5-7bS3lYF9p7yN6H7eaEOpsOdzQz_AUuth6X8T9Z3Xpvggnh5OqaGc-yJImMLfX2TbIWtVQDn9Pfb25cbKE84kpmqDkVyKb38iU","TokenCreationEpochInSecs":1754562282,"ExpiresInSecs":604800}