{"Fid":"dDh-i0oBSB6lPsPQEiEE0a","Status":3,"AuthToken":"eyJhbGciOiJFUzI1NiIsInR5cCI6IkpXVCJ9.eyJhcHBJZCI6IjE6MzU0ODAwNjQ1MzI5OmFuZHJvaWQ6NGM2NjY0NGY4NDc1MTUwYiIsImV4cCI6MTc2MTY3MjA0MiwiZmlkIjoiZERoLWkwb0JTQjZsUHNQUUVpRUUwYSIsInByb2plY3ROdW1iZXIiOjM1NDgwMDY0NTMyOX0.AB2LPV8wRAIgSLla28lLYiUbpDQJUOy86Lfanda4KBJmf4LNO3-xA18CIHWYADM7eX6AGT_0Yzw0kRtMwB19oFBsX-Rdks666y5s","RefreshToken":"3_AS3qfwJjQQKggRytYDVtC5vSDBHrSVtafDeCgV2UY3pzkOjLoUmvR0J3F6cP4ofB5utu9LhY54JQtEuLNodhanYNukLwsksq_o21rskGfFDmc5I","TokenCreationEpochInSecs":1761067242,"ExpiresInSecs":604800}