{"Fid":"f6pXwL3eRwGmfMa82Y6CGC","Status":3,"AuthToken":"eyJhbGciOiJFUzI1NiIsInR5cCI6IkpXVCJ9.eyJhcHBJZCI6IjE6MzU0ODAwNjQ1MzI5OmFuZHJvaWQ6NGM2NjY0NGY4NDc1MTUwYiIsImV4cCI6MTc2MjAxNzUzMCwiZmlkIjoiZjZwWHdMM2VSd0dtZk1hODJZNkNHQyIsInByb2plY3ROdW1iZXIiOjM1NDgwMDY0NTMyOX0.AB2LPV8wRAIgOoYEYiyJEumgX24Q3V6eubYSMNxqu7nRgbQzRmRmfOACIB_j_yivu2YY7LWeZDwcmTjbPw3de_9zW8ZYy8PtRCoY","RefreshToken":"3_AS3qfwILR-wEjVkGUNVhOhl_ap8NwNCp8Jrbzfz1q38cLraCpCO8yLFeI_2EMX4Wav2muLBaGIN3cb4S2j5XfirZJi7_oPWHaUeeveprm_trNog","TokenCreationEpochInSecs":1761412730,"ExpiresInSecs":604800}