{"Fid":"cWmr0eb_TGG8_7q2-kfS7M","Status":3,"AuthToken":"eyJhbGciOiJFUzI1NiIsInR5cCI6IkpXVCJ9.eyJhcHBJZCI6IjE6MzU0ODAwNjQ1MzI5OmFuZHJvaWQ6NGM2NjY0NGY4NDc1MTUwYiIsImV4cCI6MTc2ODkxNzcyMywiZmlkIjoiY1dtcjBlYl9UR0c4XzdxMi1rZlM3TSIsInByb2plY3ROdW1iZXIiOjM1NDgwMDY0NTMyOX0.AB2LPV8wRAIgWEHZPEXeTmmmY49dHD6Lq6HZyVtP2WPO3yFQPYA15DUCIHYelut7gdXr7SoAJ95nf3PsRcoA1jAiyY2fIdELBBSI","RefreshToken":"3_AS3qfwKCuXsMB8qSxfBRqY6Y03zsV1RZzJxYmjOeVGPBCP9xtsjL6lYuzfzxF9PW6tPGvZdlfQQZjUn38N3uJJc2W_cGXgvaa7ONg8yrlrDtHw","TokenCreationEpochInSecs":1768312922,"ExpiresInSecs":604800}